Date,Mkt-RF,SMB,HML,RF
1926-07-31,0.028900,-0.025500,-0.023900,0.002200
1926-08-31,0.026400,-0.011400,0.038100,0.002500
1926-09-30,0.003800,-0.013600,0.000500,0.002300
1926-10-31,-0.032700,-0.001400,0.008200,0.003200
1926-11-30,0.025400,-0.001100,-0.006100,0.003100
1926-12-31,0.026200,-0.000700,0.000600,0.002800
1927-01-31,-0.000500,-0.003200,0.045800,0.002500
1927-02-28,0.041700,0.000700,0.027200,0.002600
1927-03-31,0.001400,-0.017700,-0.023800,0.003000
1927-04-30,0.004700,0.003900,0.006500,0.002500
1927-05-31,0.054500,0.015500,0.048000,0.003000
1927-06-30,-0.023800,0.005100,-0.017200,0.002600
1927-07-31,0.072600,-0.032700,-0.011300,0.003000
1927-08-31,0.019900,-0.007700,-0.038500,0.002800
1927-09-30,0.047700,-0.036000,-0.005700,0.002100
1927-10-31,-0.042900,0.020300,-0.044700,0.002500
1927-11-30,0.065200,0.027800,-0.000800,0.002100
1927-12-31,0.020900,0.009800,-0.011200,0.002200
1928-01-31,-0.005700,0.042000,-0.007100,0.002500
1928-02-29,-0.016900,-0.020600,-0.006400,0.003300
1928-03-31,0.087900,-0.003800,-0.011100,0.002900
1928-04-30,0.042500,0.041400,0.032500,0.002200
1928-05-31,0.015200,0.027000,-0.030000,0.003200
1928-06-30,-0.049000,-0.037600,0.002800,0.003100
1928-07-31,0.006300,-0.013600,-0.005400,0.003200
1928-08-31,0.066900,-0.020400,-0.021300,0.003200
1928-09-30,0.028700,0.024000,0.008400,0.002700
1928-10-31,0.013100,0.022400,-0.021400,0.004100
1928-11-30,0.118200,-0.018200,0.026500,0.003800
1928-12-31,0.004000,-0.009300,-0.005200,0.000600
1929-01-31,0.046600,-0.033500,-0.012200,0.003400
1929-02-28,-0.003400,-0.003300,0.016600,0.003600
1929-03-31,-0.008500,-0.049100,0.015700,0.003400
1929-04-30,0.014700,-0.011200,0.009300,0.003600
1929-05-31,-0.063800,-0.054400,-0.015200,0.004400
1929-06-30,0.097000,-0.021400,-0.027400,0.005200
1929-07-31,0.044800,-0.038700,0.026700,0.003300
1929-08-31,0.081400,-0.097500,0.003200,0.004000
1929-09-30,-0.054500,0.013400,-0.007900,0.003500
1929-10-31,-0.200700,-0.049500,0.075400,0.004600
1929-11-30,-0.128700,-0.008800,0.050500,0.003700
1929-12-31,0.012800,-0.041000,-0.001400,0.003700
1930-01-31,0.056100,0.034900,-0.010300,0.001400
1930-02-28,0.025000,0.002800,0.002800,0.003000
1930-03-31,0.070900,0.033900,0.003000,0.003500
1930-04-30,-0.020500,-0.003500,-0.003700,0.002100
1930-05-31,-0.016600,-0.021000,-0.007400,0.002600
1930-06-30,-0.160800,-0.035900,0.024000,0.002700
1930-07-31,0.041200,-0.002700,-0.017000,0.002000
1930-08-31,0.003000,-0.021600,-0.005900,0.000900
1930-09-30,-0.128100,-0.024100,-0.050900,0.002200
1930-10-31,-0.087800,-0.002000,-0.010900,0.000900
1930-11-30,-0.030400,0.024600,-0.038100,0.001300
1930-12-31,-0.078600,-0.046700,-0.056900,0.001400
1931-01-31,0.062500,0.034700,0.082400,0.001500
1931-02-28,0.108800,0.034500,0.016300,0.000400
1931-03-31,-0.063500,0.028300,-0.032000,0.001300
1931-04-30,-0.100000,-0.042200,-0.043300,0.000800
1931-05-31,-0.132900,0.052200,-0.063100,0.000900
1931-06-30,0.139300,-0.050100,0.117000,0.000800
1931-07-31,-0.066300,0.014900,-0.022000,0.000600
1931-08-31,0.004000,-0.020800,-0.017000,0.000300
1931-09-30,-0.287400,-0.010200,-0.072400,0.000300
1931-10-31,0.079900,-0.002800,0.031200,0.001000
1931-11-30,-0.091400,0.044000,-0.051900,0.001700
1931-12-31,-0.135200,-0.008700,-0.091900,0.001200
1932-01-31,-0.015700,0.044100,0.097400,0.002300
1932-02-29,0.054500,-0.025100,-0.014700,0.002300
1932-03-31,-0.113000,0.021300,-0.022000,0.001600
1932-04-30,-0.179400,0.009300,0.020700,0.001100
1932-05-31,-0.205100,0.042100,-0.040800,0.000600
1932-06-30,-0.007700,0.004000,0.058500,0.000200
1932-07-31,0.336100,-0.042900,0.355200,0.000200
1932-08-31,0.371200,0.134600,0.342000,0.000300
1932-09-30,-0.029400,-0.021500,-0.073700,0.000300
1932-10-31,-0.131500,-0.025900,-0.104700,0.000200
1932-11-30,-0.058800,0.018300,-0.131900,0.000200
1932-12-31,0.044200,-0.083000,-0.075400,0.000100
1933-01-31,0.012400,0.007300,0.064600,0.000100
1933-02-28,-0.152900,-0.026300,-0.029200,-0.000300
1933-03-31,0.030600,0.036000,0.070900,0.000400
1933-04-30,0.388100,0.030200,0.201000,0.001000
1933-05-31,0.214300,0.359600,0.186600,0.000400
1933-06-30,0.131000,0.086500,-0.016400,0.000200
1933-07-31,-0.096400,-0.010600,0.033000,0.000200
1933-08-31,0.120400,-0.051600,0.030500,0.000300
1933-09-30,-0.106500,-0.005800,-0.117100,0.000200
1933-10-31,-0.083600,-0.000700,-0.084900,0.000100
1933-11-30,0.099700,-0.063700,0.022700,0.000200
1933-12-31,0.018200,0.003600,-0.019900,0.000200
1934-01-31,0.126000,0.132100,0.162000,0.000500
1934-02-28,-0.025100,0.050500,0.018600,0.000200
1934-03-31,0.000900,0.024500,-0.025900,0.000200
1934-04-30,-0.017900,0.027300,-0.038300,0.000100
1934-05-31,-0.072600,-0.003100,-0.059000,0.000100
1934-06-30,0.027100,-0.021800,-0.028500,0.000100
1934-07-31,-0.109400,-0.071200,-0.107600,0.000100
1934-08-31,0.055800,0.055500,0.001700,0.000100
1934-09-30,-0.002400,-0.015000,-0.012100,0.000100
1934-10-31,-0.016600,0.012300,-0.050000,0.000100
1934-11-30,0.083300,0.066000,-0.021400,0.000100
1934-12-31,0.003600,0.032800,-0.031600,0.000100
1935-01-31,-0.034600,0.009600,-0.017700,0.000100
1935-02-28,-0.019600,0.003200,-0.074800,0.000200
1935-03-31,-0.037100,-0.034300,-0.050300,0.000100
1935-04-30,0.090600,-0.015800,0.043700,0.000100
1935-05-31,0.034600,-0.032000,0.024500,0.000100
1935-06-30,0.059300,-0.025300,-0.015200,0.000100
1935-07-31,0.075400,0.020200,0.065800,0.000100
1935-08-31,0.026500,0.060100,0.062900,0.000100
1935-09-30,0.026200,0.015500,-0.041200,0.000100
1935-10-31,0.070300,0.026700,-0.023300,0.000100
1935-11-30,0.048700,0.046500,0.122000,0.000200
1935-12-31,0.045500,0.000900,0.008300,0.000100
1936-01-31,0.068900,0.056000,0.109500,0.000100
1936-02-29,0.024900,0.008400,0.043300,0.000100
1936-03-31,0.009600,0.006900,-0.015900,0.000200
1936-04-30,-0.081400,-0.059900,-0.022800,0.000200
1936-05-31,0.051900,0.008900,0.025500,0.000200
1936-06-30,0.024000,-0.032200,-0.011900,0.000300
1936-07-31,0.066800,0.010700,0.025300,0.000100
1936-08-31,0.009900,0.006100,0.037900,0.000200
1936-09-30,0.009700,0.031200,0.009400,0.000100
1936-10-31,0.071000,-0.023500,0.025100,0.000200
1936-11-30,0.032600,0.087000,-0.012500,0.000100
1936-12-31,0.002000,0.038700,0.041400,0.000000
1937-01-31,0.033500,0.044900,0.027800,0.000100
1937-02-28,0.010800,0.006400,0.042800,0.000200
1937-03-31,-0.002600,-0.012500,0.070400,0.000100
1937-04-30,-0.073600,-0.037200,-0.034600,0.000300
1937-05-31,-0.008300,-0.006900,-0.034600,0.000600
1937-06-30,-0.042300,-0.039100,-0.031200,0.000300
1937-07-31,0.089100,0.008800,0.008100,0.000300
1937-08-31,-0.048800,0.004500,-0.022500,0.000200
1937-09-30,-0.136200,-0.070000,-0.045500,0.000400
1937-10-31,-0.095900,0.004500,-0.015200,0.000200
1937-11-30,-0.083300,-0.035600,0.002200,0.000200
1937-12-31,-0.042900,-0.079200,-0.004700,0.000000
1938-01-31,0.004800,0.048400,-0.015300,0.000000
1938-02-28,0.058500,0.004100,-0.019700,0.000000
1938-03-31,-0.239100,-0.043000,-0.036300,-0.000100
1938-04-30,0.144800,0.064000,0.004500,0.000100
1938-05-31,-0.038600,-0.024700,-0.002400,0.000000
1938-06-30,0.238900,0.042200,0.003700,0.000000
1938-07-31,0.073300,0.066900,0.022800,-0.000100
1938-08-31,-0.026800,-0.024800,-0.047800,0.000000
1938-09-30,0.008300,-0.026800,-0.017000,0.000200
1938-10-31,0.078000,0.058100,0.050400,0.000100
1938-11-30,-0.017400,-0.025500,-0.012000,-0.000600
1938-12-31,0.041600,-0.018100,0.005400,0.000000
1939-01-31,-0.059700,-0.015400,-0.039200,-0.000100
1939-02-28,0.035100,0.006100,0.029200,0.000100
1939-03-31,-0.120300,-0.047500,-0.082700,-0.000100
1939-04-30,-0.001800,0.016700,-0.003000,0.000000
1939-05-31,0.068100,0.028000,0.004700,0.000100
1939-06-30,-0.053300,-0.010900,-0.052800,0.000100
1939-07-31,0.102200,0.041800,0.001300,0.000000
1939-08-31,-0.066800,-0.045900,-0.024700,-0.000100
1939-09-30,0.168900,0.205700,0.217600,0.000100
1939-10-31,-0.005300,-0.000800,-0.047900,0.000000
1939-11-30,-0.036500,-0.051200,-0.063000,0.000000
1939-12-31,0.029300,0.009200,-0.041900,0.000000
1940-01-31,-0.024100,0.002300,-0.007700,0.000000
1940-02-29,0.014400,0.025200,-0.003600,0.000000
1940-03-31,0.020500,0.012400,-0.012700,0.000000
1940-04-30,0.002200,0.039900,-0.002200,0.000000
1940-05-31,-0.220000,-0.066200,-0.037200,-0.000200
1940-06-30,0.066900,-0.023200,0.048800,0.000000
1940-07-31,0.031700,0.009900,-0.007500,0.000100
1940-08-31,0.022100,-0.001800,0.005500,-0.000100
1940-09-30,0.023900,0.032000,-0.011400,0.000000
1940-10-31,0.030300,0.003300,0.046500,0.000000
1940-11-30,-0.016500,0.019800,0.001600,0.000000
1940-12-31,0.006900,-0.021200,-0.008900,0.000000
1941-01-31,-0.041800,0.009800,0.038300,-0.000100
1941-02-28,-0.014300,-0.015600,0.008900,-0.000100
1941-03-31,0.008400,0.000900,0.030500,0.000100
1941-04-30,-0.054600,-0.016700,0.034100,-0.000100
1941-05-31,0.013700,-0.006400,0.006100,0.000000
1941-06-30,0.058300,0.013100,0.006100,0.000000
1941-07-31,0.058700,0.057400,0.072400,0.000300
1941-08-31,-0.001700,-0.004300,-0.011000,0.000100
1941-09-30,-0.008800,-0.009800,-0.002700,0.000100
1941-10-31,-0.052600,-0.020700,0.016300,0.000000
1941-11-30,-0.019500,-0.010800,-0.006000,0.000000
1941-12-31,-0.048800,-0.028600,-0.059400,0.000100
1942-01-31,0.007900,0.074500,0.101000,0.000200
1942-02-28,-0.024600,0.017400,-0.011500,0.000100
1942-03-31,-0.066000,0.018700,-0.006100,0.000100
1942-04-30,-0.043700,-0.004400,0.020900,0.000100
1942-05-31,0.059600,-0.032000,-0.026700,0.000300
1942-06-30,0.026800,-0.012800,0.004300,0.000200
1942-07-31,0.035100,-0.001500,0.024100,0.000300
1942-08-31,0.018000,-0.000400,0.013300,0.000300
1942-09-30,0.026200,0.006300,0.023900,0.000300
1942-10-31,0.068200,0.016900,0.064700,0.000300
1942-11-30,0.001300,-0.014200,-0.042300,0.000300
1942-12-31,0.051400,-0.025500,0.005500,0.000300
1943-01-31,0.071300,0.087700,0.082300,0.000300
1943-02-28,0.061600,0.048400,0.065200,0.000300
1943-03-31,0.060300,0.051300,0.054900,0.000300
1943-04-30,0.008100,0.020900,0.058600,0.000300
1943-05-31,0.057500,0.044600,0.032800,0.000200
1943-06-30,0.018200,-0.009800,-0.007500,0.000300
1943-07-31,-0.047800,-0.023100,-0.022300,0.000300
1943-08-31,0.013000,-0.006400,-0.004700,0.000300
1943-09-30,0.024000,0.013000,0.014200,0.000300
1943-10-31,-0.011500,0.006000,0.016800,0.000300
1943-11-30,-0.059300,-0.015700,-0.039900,0.000300
1943-12-31,0.063700,0.031000,0.029000,0.000300
1944-01-31,0.017400,0.026100,0.022900,0.000300
1944-02-29,0.003700,-0.000800,0.008500,0.000300
1944-03-31,0.024600,0.016500,0.033500,0.000200
1944-04-30,-0.016900,-0.013100,-0.010600,0.000300
1944-05-31,0.050800,0.016800,0.010300,0.000300
1944-06-30,0.055100,0.041100,0.018900,0.000300
1944-07-31,-0.014900,0.005800,-0.004200,0.000300
1944-08-31,0.015600,0.023700,-0.014400,0.000300
1944-09-30,0.000200,0.004800,-0.012000,0.000200
1944-10-31,0.001600,-0.001600,-0.003600,0.000300
1944-11-30,0.017100,0.003500,0.023800,0.000300
1944-12-31,0.040400,0.022300,0.058700,0.000200
1945-01-31,0.020100,0.024500,0.006800,0.000300
1945-02-28,0.062300,0.016200,0.044300,0.000200
1945-03-31,-0.039100,-0.016600,-0.015700,0.000200
1945-04-30,0.078000,0.004800,0.031100,0.000300
1945-05-31,0.017400,0.015300,0.003400,0.000300
1945-06-30,0.003900,0.031400,0.042700,0.000200
1945-07-31,-0.021700,-0.014500,-0.027300,0.000300
1945-08-31,0.062200,0.016000,-0.044000,0.000300
1945-09-30,0.047700,0.017400,0.004600,0.000300
1945-10-31,0.038900,0.023600,0.021400,0.000300
1945-11-30,0.054000,0.041800,0.043500,0.000200
1945-12-31,0.011900,0.021600,-0.024000,0.000300
1946-01-31,0.062400,0.039800,0.022800,0.000300
1946-02-28,-0.058400,-0.006800,-0.012700,0.000300
1946-03-31,0.058800,0.003000,-0.003700,0.000300
1946-04-30,0.042300,0.023700,0.004600,0.000300
1946-05-31,0.039400,0.014800,0.011000,0.000300
1946-06-30,-0.038900,-0.015500,-0.005300,0.000300
1946-07-31,-0.026900,-0.019100,0.000500,0.000300
1946-08-31,-0.064600,-0.018000,0.006000,0.000300
1946-09-30,-0.101800,-0.044300,-0.019700,0.000300
1946-10-31,-0.014400,0.001700,0.034500,0.000300
1946-11-30,-0.000200,-0.003700,0.015300,0.000300
1946-12-31,0.049700,0.000000,-0.014100,0.000300
1947-01-31,0.012500,0.022000,-0.007400,0.000300
1947-02-28,-0.010900,0.007000,0.001400,0.000300
1947-03-31,-0.016800,-0.016000,0.006100,0.000300
1947-04-30,-0.048000,-0.039700,0.008500,0.000300
1947-05-31,-0.009600,-0.032700,0.003200,0.000300
1947-06-30,0.053000,-0.003300,-0.006400,0.000300
1947-07-31,0.041300,0.014700,0.027600,0.000300
1947-08-31,-0.017400,0.003300,0.001400,0.000300
1947-09-30,-0.005400,0.016200,0.013600,0.000600
1947-10-31,0.024700,0.005200,0.001100,0.000600
1947-11-30,-0.019900,-0.016900,0.010700,0.000600
1947-12-31,0.030100,-0.024700,0.037400,0.000800
1948-01-31,-0.039300,0.025200,0.013800,0.000700
1948-02-29,-0.043800,-0.017000,0.000500,0.000700
1948-03-31,0.081100,0.001200,0.045200,0.000900
1948-04-30,0.036500,-0.016400,0.041200,0.000800
1948-05-31,0.073200,0.008700,-0.012700,0.000800
1948-06-30,-0.001100,-0.017800,0.028400,0.000900
1948-07-31,-0.050800,-0.003800,0.001100,0.000800
1948-08-31,0.002400,-0.011300,0.002900,0.000900
1948-09-30,-0.029900,-0.012700,-0.017700,0.000400
1948-10-31,0.059600,-0.014800,0.005800,0.000400
1948-11-30,-0.093400,-0.006100,-0.041500,0.000400
1948-12-31,0.032600,-0.028500,-0.019500,0.000400
1949-01-31,0.002300,0.017100,0.012500,0.001000
1949-02-28,-0.029300,-0.018700,-0.008900,0.000900
1949-03-31,0.040500,0.024800,0.013100,0.001000
1949-04-30,-0.018700,-0.009200,-0.011200,0.000900
1949-05-31,-0.029800,-0.007800,-0.023900,0.001000
1949-06-30,0.001000,-0.008600,-0.016500,0.001000
1949-07-31,0.055400,0.005500,0.003900,0.000900
1949-08-31,0.025900,0.001400,-0.005900,0.000900
1949-09-30,0.030900,0.010500,0.002300,0.000900
1949-10-31,0.031400,0.010300,-0.004900,0.000900
1949-11-30,0.018100,-0.009400,-0.009000,0.000800
1949-12-31,0.051400,0.020800,0.017300,0.000900
1950-01-31,0.017000,0.033400,0.001500,0.000900
1950-02-28,0.014800,0.000200,-0.007900,0.000900
1950-03-31,0.012600,-0.014300,-0.027800,0.001000
1950-04-30,0.039400,0.020000,0.013300,0.000900
1950-05-31,0.043200,-0.021300,0.004700,0.001000
1950-06-30,-0.059600,-0.024100,-0.007900,0.001000
1950-07-31,0.013700,0.005400,0.136900,0.001000
1950-08-31,0.048600,0.007400,-0.013700,0.001000
1950-09-30,0.048200,0.005900,-0.011000,0.001000
1950-10-31,-0.001900,-0.006600,0.013600,0.001200
1950-11-30,0.027400,-0.008900,0.031900,0.001100
1950-12-31,0.055700,0.015300,0.072700,0.001100
1951-01-31,0.057000,0.016700,0.037900,0.001300
1951-02-28,0.014000,0.001400,-0.027900,0.001000
1951-03-31,-0.021600,-0.006600,-0.042600,0.001100
1951-04-30,0.048600,-0.014800,0.032600,0.001300
1951-05-31,-0.023600,-0.000800,-0.014200,0.001200
1951-06-30,-0.026300,-0.019600,-0.039800,0.001200
1951-07-31,0.069500,-0.020500,0.020000,0.001300
1951-08-31,0.042900,0.009500,-0.001700,0.001300
1951-09-30,0.007000,0.018600,0.006200,0.001200
1951-10-31,-0.025300,-0.002300,0.001800,0.001600
1951-11-30,0.005800,-0.003300,-0.000800,0.001100
1951-12-31,0.033300,-0.022400,-0.015500,0.001200
1952-01-31,0.014500,-0.006500,0.014800,0.001500
1952-02-29,-0.026400,0.008500,-0.006200,0.001200
1952-03-31,0.044400,-0.029700,0.022300,0.001100
1952-04-30,-0.049700,0.004900,-0.000300,0.001200
1952-05-31,0.032000,-0.010000,0.000200,0.001300
1952-06-30,0.038400,-0.016300,0.012400,0.001500
1952-07-31,0.009100,-0.004100,-0.003200,0.001500
1952-08-31,-0.007700,0.011500,0.000900,0.001500
1952-09-30,-0.020400,0.010900,-0.014200,0.001600
1952-10-31,-0.006600,-0.010300,-0.005500,0.001400
1952-11-30,0.059600,-0.007200,0.010200,0.001000
1952-12-31,0.029300,-0.015100,0.001900,0.001600
1953-01-31,-0.003400,0.035400,0.012800,0.001600
1953-02-28,-0.002700,0.022200,-0.000500,0.001400
1953-03-31,-0.014400,-0.002100,-0.008400,0.001800
1953-04-30,-0.028300,0.002600,0.015500,0.001600
1953-05-31,0.005100,-0.000500,0.002500,0.001700
1953-06-30,-0.018900,-0.018900,-0.005000,0.001800
1953-07-31,0.024000,-0.010400,-0.002500,0.001500
1953-08-31,-0.045600,0.003700,-0.035200,0.001700
1953-09-30,0.002100,-0.008500,-0.024400,0.001600
1953-10-31,0.046000,-0.013600,-0.001900,0.001300
1953-11-30,0.028400,-0.013000,-0.001500,0.000800
1953-12-31,0.000200,-0.008500,-0.028300,0.001300
1954-01-31,0.051300,0.005000,0.034500,0.001100
1954-02-28,0.016700,-0.001800,-0.002700,0.000700
1954-03-31,0.036600,-0.005000,-0.014500,0.000800
1954-04-30,0.042700,-0.034700,-0.003700,0.000900
1954-05-31,0.031000,0.003900,0.024500,0.000500
1954-06-30,0.010800,0.003800,0.000200,0.000600
1954-07-31,0.050000,0.010500,0.041400,0.000500
1954-08-31,-0.023500,0.026800,-0.014200,0.000500
1954-09-30,0.064000,-0.025600,0.006800,0.000900
1954-10-31,-0.016700,0.006100,0.006400,0.000700
1954-11-30,0.094100,-0.026500,0.044500,0.000600
1954-12-31,0.054900,0.021800,0.056800,0.000800
1955-01-31,0.006000,0.002400,0.021000,0.000800
1955-02-28,0.030200,0.015500,0.006100,0.000900
1955-03-31,-0.001500,-0.006500,0.019300,0.001000
1955-04-30,0.031100,-0.017500,0.007500,0.001000
1955-05-31,0.009400,-0.002500,-0.009600,0.001400
1955-06-30,0.065500,-0.046100,0.018500,0.001000
1955-07-31,0.018900,-0.012000,0.003900,0.001000
1955-08-31,0.002200,-0.004600,0.007500,0.001600
1955-09-30,-0.003700,0.003000,-0.010100,0.001600
1955-10-31,-0.026700,0.014600,-0.001100,0.001800
1955-11-30,0.070400,-0.022000,0.003300,0.001700
1955-12-31,0.014900,0.019800,-0.021100,0.001800
1956-01-31,-0.030300,0.005000,0.008200,0.002200
1956-02-29,0.037800,-0.009700,-0.004600,0.001900
1956-03-31,0.066400,-0.021300,-0.004900,0.001500
1956-04-30,0.002800,-0.000300,-0.001600,0.001900
1956-05-31,-0.052200,0.015000,-0.013200,0.002300
1956-06-30,0.034700,-0.015300,-0.011000,0.002000
1956-07-31,0.048400,-0.016900,-0.000700,0.002200
1956-08-31,-0.031900,0.018900,-0.007300,0.001700
1956-09-30,-0.051400,0.016000,0.017500,0.001800
1956-10-31,0.005200,-0.001200,-0.000700,0.002500
1956-11-30,0.003500,-0.002100,0.017600,0.002000
1956-12-31,0.031600,-0.000200,-0.021500,0.002400
1957-01-31,-0.035700,0.033800,0.028300,0.002700
1957-02-28,-0.020700,-0.007500,-0.006600,0.002400
1957-03-31,0.021300,0.003300,-0.005300,0.002300
1957-04-30,0.042600,-0.015700,-0.014700,0.002500
1957-05-31,0.034600,-0.010800,-0.020100,0.002600
1957-06-30,-0.007500,0.005900,-0.000300,0.002400
1957-07-31,0.006600,-0.008000,0.004800,0.003000
1957-08-31,-0.051200,0.000600,-0.004500,0.002500
1957-09-30,-0.059900,0.000600,0.009500,0.002600
1957-10-31,-0.043200,-0.024600,-0.018800,0.002900
1957-11-30,0.023100,0.004000,-0.029100,0.002800
1957-12-31,-0.039000,-0.009100,-0.017600,0.002400
1958-01-31,0.046500,0.042900,0.043400,0.002800
1958-02-28,-0.015300,0.007500,0.002300,0.001200
1958-03-31,0.032700,0.006900,-0.010300,0.000900
1958-04-30,0.030900,-0.006900,0.016400,0.000800
1958-05-31,0.023200,0.021600,-0.002000,0.001100
1958-06-30,0.029300,-0.001400,0.003100,0.000300
1958-07-31,0.043900,0.004700,0.030700,0.000700
1958-08-31,0.019000,0.011500,0.003300,0.000400
1958-09-30,0.046600,0.000800,0.028000,0.001900
1958-10-31,0.025300,0.010500,-0.011300,0.001800
1958-11-30,0.030100,0.020500,-0.011700,0.001100
1958-12-31,0.051600,-0.020200,0.000600,0.002200
1959-01-31,0.007100,0.030200,0.029200,0.002100
1959-02-28,0.009500,0.014800,0.011500,0.001900
1959-03-31,0.002800,0.014500,-0.003400,0.002200
1959-04-30,0.036600,-0.006800,-0.012400,0.002000
1959-05-31,0.017300,-0.021000,0.018000,0.002200
1959-06-30,-0.002400,0.006700,0.013200,0.002400
1959-07-31,0.031800,-0.003500,0.002700,0.002500
1959-08-31,-0.013800,-0.007800,0.004400,0.001900
1959-09-30,-0.048100,-0.001500,0.005300,0.003100
1959-10-31,0.012800,0.015200,-0.021000,0.003000
1959-11-30,0.016000,0.012600,-0.032200,0.002600
1959-12-31,0.024600,-0.006300,-0.000100,0.003400
1960-01-31,-0.069800,0.021200,0.026500,0.003300
1960-02-29,0.011600,0.006000,-0.019700,0.002900
1960-03-31,-0.016300,-0.005500,-0.027500,0.003500
1960-04-30,-0.017100,0.002200,-0.021400,0.001900
1960-05-31,0.031200,0.012900,-0.037300,0.002700
1960-06-30,0.020800,-0.002800,-0.002700,0.002400
1960-07-31,-0.023700,-0.005200,0.021000,0.001300
1960-08-31,0.030000,0.006900,-0.001800,0.001700
1960-09-30,-0.060000,-0.011200,0.016800,0.001600
1960-10-31,-0.007100,-0.040900,0.028300,0.002200
1960-11-30,0.046900,0.003800,-0.023900,0.001300
1960-12-31,0.047300,-0.015800,-0.007700,0.001600
1961-01-31,0.062000,0.006000,0.036500,0.001900
1961-02-28,0.035700,0.038900,-0.005800,0.001400
1961-03-31,0.028900,0.032200,-0.008200,0.002000
1961-04-30,0.002900,0.000700,0.021300,0.001700
1961-05-31,0.024000,0.019700,0.003800,0.001800
1961-06-30,-0.030800,-0.024900,-0.000900,0.002000
1961-07-31,0.028300,-0.019400,-0.000800,0.001800
1961-08-31,0.025700,-0.017100,-0.003000,0.001400
1961-09-30,-0.021500,-0.010700,-0.006100,0.001700
1961-10-31,0.025800,-0.016100,0.001800,0.001900
1961-11-30,0.044500,0.012600,-0.012200,0.001500
1961-12-31,-0.001700,-0.008700,0.017600,0.001900
1962-01-31,-0.038700,0.017400,0.051100,0.002400
1962-02-28,0.018100,-0.011500,0.008200,0.002000
1962-03-31,-0.006800,0.006600,-0.015800,0.002000
1962-04-30,-0.065900,-0.008500,0.001400,0.002200
1962-05-31,-0.086600,-0.031400,0.027300,0.002400
1962-06-30,-0.085000,-0.004600,0.024200,0.002000
1962-07-31,0.062700,0.015200,-0.033700,0.002700
1962-08-31,0.021300,0.012200,-0.011200,0.002300
1962-09-30,-0.052200,-0.024000,0.013300,0.002100
1962-10-31,-0.000500,-0.039500,0.013000,0.002600
1962-11-30,0.108900,0.025000,0.008500,0.002000
1962-12-31,0.010100,-0.037600,0.003200,0.002300
1963-01-31,0.049400,0.030100,0.022400,0.002500
1963-02-28,-0.024000,0.004600,0.021500,0.002300
1963-03-31,0.030800,-0.025800,0.021000,0.002300
1963-04-30,0.045100,-0.012600,0.010000,0.002500
1963-05-31,0.017600,0.010800,0.025500,0.002400
1963-06-30,-0.020000,-0.003200,0.006500,0.002300
1963-07-31,-0.003900,-0.005700,-0.008100,0.002700
1963-08-31,0.050800,-0.009500,0.017000,0.002500
1963-09-30,-0.015700,-0.002500,0.000000,0.002700
1963-10-31,0.025400,-0.005700,-0.000400,0.002900
1963-11-30,-0.008600,-0.011600,0.017300,0.002700
1963-12-31,0.018300,-0.019600,-0.002100,0.002900
1964-01-31,0.022400,-0.002400,0.016300,0.003000
1964-02-29,0.015500,0.001200,0.028100,0.002600
1964-03-31,0.014100,0.009500,0.032900,0.003100
1964-04-30,0.001000,-0.013500,-0.005400,0.002900
1964-05-31,0.014100,-0.008400,0.018100,0.002600
1964-06-30,0.012700,-0.002300,0.006800,0.003000
1964-07-31,0.017400,0.001900,0.007900,0.003000
1964-08-31,-0.014400,0.000100,0.000700,0.002800
1964-09-30,0.026900,-0.006300,0.017200,0.002800
1964-10-31,0.006000,0.004800,0.010800,0.002900
1964-11-30,-0.000100,0.006200,-0.020400,0.002900
1964-12-31,0.000400,-0.002400,-0.024300,0.003100
1965-01-31,0.035400,0.025700,0.003600,0.002800
1965-02-28,0.004400,0.033100,0.002200,0.003000
1965-03-31,-0.013400,0.017900,0.011500,0.003600
1965-04-30,0.031100,0.011400,0.007300,0.003100
1965-05-31,-0.007800,0.000200,-0.015500,0.003100
1965-06-30,-0.055100,-0.040700,0.002300,0.003500
1965-07-31,0.014400,0.008600,0.021900,0.003100
1965-08-31,0.027300,0.028500,-0.009800,0.003300
1965-09-30,0.028600,0.006300,-0.001400,0.003100
1965-10-31,0.026000,0.025200,0.015500,0.003100
1965-11-30,-0.000300,0.046900,0.001600,0.003500
1965-12-31,0.010100,0.020700,0.021500,0.003300
1966-01-31,0.007200,0.040200,0.032700,0.003800
1966-02-28,-0.012100,0.044400,0.003800,0.003500
1966-03-31,-0.025100,0.008600,-0.021300,0.003800
1966-04-30,0.021300,0.034400,-0.003600,0.003400
1966-05-31,-0.056700,-0.046000,-0.016000,0.004100
1966-06-30,-0.014400,0.010200,0.004900,0.003800
1966-07-31,-0.016300,-0.003500,0.009100,0.003500
1966-08-31,-0.079400,-0.032600,0.005000,0.004100
1966-09-30,-0.010600,-0.010100,0.004800,0.004000
1966-10-31,0.038600,-0.066000,0.027400,0.004500
1966-11-30,0.013800,0.040700,-0.046300,0.004000
1966-12-31,0.001300,0.019300,-0.009500,0.004000
1967-01-31,0.081500,0.081000,0.023600,0.004300
1967-02-28,0.007700,0.033200,-0.022600,0.003600
1967-03-31,0.039900,0.014700,0.004700,0.003900
1967-04-30,0.038900,0.004700,-0.022900,0.003200
1967-05-31,-0.043200,0.021100,0.008000,0.003300
1967-06-30,0.024200,0.058500,0.008000,0.002700
1967-07-31,0.045800,0.031700,0.027500,0.003200
1967-08-31,-0.009000,0.004300,0.014300,0.003100
1967-09-30,0.031000,0.030400,-0.024700,0.003200
1967-10-31,-0.030800,0.014700,-0.032900,0.003900
1967-11-30,0.003700,0.001800,-0.017100,0.003600
1967-12-31,0.030500,0.056200,-0.005400,0.003300
1968-01-31,-0.040300,0.039900,0.048500,0.004000
1968-02-29,-0.037400,-0.029400,0.012300,0.003900
1968-03-31,0.002100,-0.013000,-0.006300,0.003800
1968-04-30,0.090200,0.056600,-0.011000,0.004300
1968-05-31,0.022800,0.062900,0.008200,0.004500
1968-06-30,0.007000,-0.001900,0.006600,0.004300
1968-07-31,-0.026900,-0.012800,0.053100,0.004800
1968-08-31,0.013500,0.024200,0.009900,0.004200
1968-09-30,0.040500,0.027400,0.003000,0.004300
1968-10-31,0.004300,-0.005000,0.028200,0.004400
1968-11-30,0.054300,0.023400,-0.009600,0.004200
1968-12-31,-0.039300,0.033600,0.000400,0.004300
1969-01-31,-0.012500,-0.006300,0.016600,0.005300
1969-02-28,-0.058600,-0.039600,0.008900,0.004600
1969-03-31,0.026600,-0.003000,-0.004200,0.004600
1969-04-30,0.014600,-0.008100,0.000200,0.005300
1969-05-31,-0.000900,-0.003200,0.006200,0.004800
1969-06-30,-0.071900,-0.053400,-0.011000,0.005100
1969-07-31,-0.070000,-0.032400,0.011800,0.005300
1969-08-31,0.046900,0.008100,-0.037500,0.005000
1969-09-30,-0.029700,0.012300,-0.032200,0.006200
1969-10-31,0.050600,0.039200,-0.031200,0.006000
1969-11-30,-0.038000,-0.025500,-0.012500,0.005200
1969-12-31,-0.026300,-0.036800,-0.028800,0.006400
1970-01-31,-0.081000,0.029100,0.031700,0.006000
1970-02-28,0.051400,-0.023900,0.036900,0.006200
1970-03-31,-0.010600,-0.023100,0.040800,0.005700
1970-04-30,-0.109900,-0.061400,0.061400,0.005000
1970-05-31,-0.069000,-0.046100,0.033200,0.005300
1970-06-30,-0.058000,-0.020800,0.004400,0.005800
1970-07-31,0.069200,-0.005500,0.009300,0.005200
1970-08-31,0.045000,0.014800,0.014100,0.005300
1970-09-30,0.041800,0.086100,-0.054100,0.005400
1970-10-31,-0.022700,-0.041700,0.002100,0.004600
1970-11-30,0.046200,-0.039700,0.015800,0.004600
1970-12-31,0.057400,0.028200,0.010400,0.004200
1971-01-31,0.048300,0.072800,0.015500,0.003800
1971-02-28,0.014100,0.018600,-0.012400,0.003300
1971-03-31,0.041200,0.026000,-0.039500,0.003000
1971-04-30,0.031500,-0.004900,0.008600,0.002800
1971-05-31,-0.039900,-0.010400,-0.013300,0.002900
1971-06-30,-0.000900,-0.015300,-0.019700,0.003700
1971-07-31,-0.044900,-0.015100,-0.000200,0.004000
1971-08-31,0.037900,-0.002200,0.026400,0.004700
1971-09-30,-0.008600,0.005000,-0.029000,0.003700
1971-10-31,-0.044200,-0.017500,-0.005100,0.003700
1971-11-30,-0.004600,-0.027700,-0.016700,0.003700
1971-12-31,0.087100,0.032900,-0.003800,0.003700
1972-01-31,0.024700,0.058400,0.021200,0.002900
1972-02-29,0.028700,0.013200,-0.028300,0.002500
1972-03-31,0.006200,-0.002900,-0.016100,0.002700
1972-04-30,0.002900,0.001600,0.000300,0.002900
1972-05-31,0.012900,-0.027100,-0.027200,0.003000
1972-06-30,-0.024300,0.002800,-0.024600,0.002900
1972-07-31,-0.008000,-0.029000,0.006000,0.003100
1972-08-31,0.032700,-0.039900,0.045600,0.002900
1972-09-30,-0.011400,-0.026600,0.004900,0.003400
1972-10-31,0.005200,-0.027300,0.012200,0.004000
1972-11-30,0.046000,-0.011800,0.048800,0.003700
1972-12-31,0.006200,-0.019500,-0.021800,0.003700
1973-01-31,-0.032700,-0.034900,0.027000,0.004400
1973-02-28,-0.048500,-0.038900,0.016400,0.004200
1973-03-31,-0.013000,-0.027800,0.025700,0.004600
1973-04-30,-0.056800,-0.038400,0.053900,0.005200
1973-05-31,-0.029700,-0.062700,0.003800,0.005100
1973-06-30,-0.015700,-0.028400,0.011400,0.005100
1973-07-31,0.050400,0.079200,-0.052600,0.006400
1973-08-31,-0.038200,-0.020000,0.010300,0.007000
1973-09-30,0.047400,0.029300,0.022200,0.006800
1973-10-31,-0.008300,-0.002100,0.016600,0.006500
1973-11-30,-0.127800,-0.077200,0.040900,0.005600
1973-12-31,0.005900,-0.054000,0.040100,0.006400
1974-01-31,-0.001600,0.096800,0.059500,0.006300
1974-02-28,-0.004600,0.000000,0.024700,0.005800
1974-03-31,-0.028200,0.025000,-0.001400,0.005600
1974-04-30,-0.052800,-0.006800,0.009200,0.007500
1974-05-31,-0.047000,-0.029300,-0.020800,0.007500
1974-06-30,-0.028400,-0.002400,0.008300,0.006000
1974-07-31,-0.080600,0.007800,0.051600,0.007000
1974-08-31,-0.093900,-0.006900,0.026100,0.006000
1974-09-30,-0.117900,0.002700,0.054300,0.008100
1974-10-31,0.161100,-0.034300,-0.099100,0.005100
1974-11-30,-0.045300,-0.011700,-0.002500,0.005400
1974-12-31,-0.034400,-0.047400,0.001200,0.007000
1975-01-31,0.136700,0.110600,0.082600,0.005800
1975-02-28,0.055600,0.001200,-0.044700,0.004300
1975-03-31,0.026600,0.037500,0.024200,0.004100
1975-04-30,0.042200,-0.006400,-0.011300,0.004400
1975-05-31,0.052000,0.039300,-0.040500,0.004400
1975-06-30,0.048700,0.008100,0.013500,0.004100
1975-07-31,-0.066000,0.026600,0.017600,0.004800
1975-08-31,-0.028400,-0.031700,-0.009100,0.004800
1975-09-30,-0.042600,-0.001600,0.003300,0.005300
1975-10-31,0.053200,-0.040800,0.003500,0.005600
1975-11-30,0.026500,-0.012200,0.020300,0.004100
1975-12-31,-0.016000,-0.008700,0.017000,0.004800
1976-01-31,0.121500,0.048700,0.086300,0.004700
1976-02-29,0.003100,0.069700,0.057100,0.003400
1976-03-31,0.023200,-0.011700,-0.001100,0.004000
1976-04-30,-0.014900,-0.000800,-0.001600,0.004200
1976-05-31,-0.013400,-0.011900,-0.012900,0.003700
1976-06-30,0.040600,-0.013200,0.007300,0.004300
1976-07-31,-0.010600,0.002800,0.017400,0.004700
1976-08-31,-0.005700,-0.020500,0.007900,0.004200
1976-09-30,0.020600,0.000800,-0.003100,0.004400
1976-10-31,-0.024200,0.001400,-0.001700,0.004100
1976-11-30,0.003600,0.023400,0.015300,0.004000
1976-12-31,0.056500,0.030300,0.022300,0.004000
1977-01-31,-0.040300,0.047500,0.043200,0.003600
1977-02-28,-0.019400,0.010300,0.004500,0.003500
1977-03-31,-0.013500,0.009900,0.010900,0.003800
1977-04-30,0.001500,-0.001300,0.033800,0.003800
1977-05-31,-0.014700,0.012500,0.008100,0.003700
1977-06-30,0.047200,0.020700,-0.006200,0.004000
1977-07-31,-0.016900,0.020900,-0.006000,0.004200
1977-08-31,-0.017600,0.015500,-0.027700,0.004400
1977-09-30,-0.002700,0.015000,-0.002600,0.004300
1977-10-31,-0.043900,0.011900,0.016200,0.004900
1977-11-30,0.040000,0.036800,0.002300,0.005000
1977-12-31,0.002700,0.013600,-0.002900,0.004900
1978-01-31,-0.060000,0.022800,0.033800,0.004900
1978-02-28,-0.013900,0.035900,0.008100,0.004600
1978-03-31,0.028500,0.034400,0.011500,0.005300
1978-04-30,0.078700,0.003600,-0.035400,0.005400
1978-05-31,0.017600,0.045300,-0.005500,0.005100
1978-06-30,-0.016900,0.017400,0.006000,0.005400
1978-07-31,0.051200,0.002900,-0.010000,0.005600
1978-08-31,0.037800,0.050600,-0.006600,0.005600
1978-09-30,-0.014400,-0.004900,0.018800,0.006200
1978-10-31,-0.119000,-0.098900,0.012600,0.006800
1978-11-30,0.027100,0.030600,-0.020800,0.007000
1978-12-31,0.008700,0.011900,-0.021400,0.007800
1979-01-31,0.042200,0.035500,0.021900,0.007700
1979-02-28,-0.035600,0.004400,0.011700,0.007300
1979-03-31,0.056700,0.032000,-0.006800,0.008100
1979-04-30,-0.000700,0.021700,0.011200,0.008000
1979-05-31,-0.022000,0.002100,0.013200,0.008200
1979-06-30,0.038400,0.011300,0.014200,0.008100
1979-07-31,0.008300,0.012800,0.017900,0.007700
1979-08-31,0.055400,0.019800,-0.015800,0.007700
1979-09-30,-0.008300,-0.002600,-0.009400,0.008300
1979-10-31,-0.081000,-0.033800,-0.018300,0.008700
1979-11-30,0.052200,0.028100,-0.032100,0.009900
1979-12-31,0.017800,0.041300,-0.021300,0.009500
1980-01-31,0.055000,0.016200,0.018500,0.008000
1980-02-29,-0.012300,-0.018600,0.005900,0.008900
1980-03-31,-0.129000,-0.067000,-0.009600,0.012100
1980-04-30,0.039500,0.010500,0.010300,0.012600
1980-05-31,0.052600,0.020500,0.003800,0.008100
1980-06-30,0.029800,0.016600,-0.008000,0.006100
1980-07-31,0.065100,0.041000,-0.062900,0.005300
1980-08-31,0.017500,0.039000,-0.024600,0.006400
1980-09-30,0.021900,0.009600,-0.046100,0.007500
1980-10-31,0.010400,0.023900,-0.029300,0.009500
1980-11-30,0.096000,-0.032700,-0.081100,0.009600
1980-12-31,-0.044600,-0.002800,0.028000,0.013100
1981-01-31,-0.050600,0.029100,0.067400,0.010400
1981-02-28,0.006100,-0.004700,0.009700,0.010700
1981-03-31,0.036700,0.033400,0.006100,0.012100
1981-04-30,-0.021600,0.045000,0.022800,0.010800
1981-05-31,0.001300,0.019400,-0.004300,0.011500
1981-06-30,-0.023400,-0.008300,0.051400,0.013500
1981-07-31,-0.015500,-0.020700,-0.006100,0.012400
1981-08-31,-0.070200,-0.019500,0.047100,0.012800
1981-09-30,-0.071900,-0.026800,0.051100,0.012400
1981-10-31,0.049200,0.021300,-0.040900,0.012100
1981-11-30,0.034000,-0.010900,0.019100,0.010700
1981-12-31,-0.036300,0.011800,0.007900,0.008700
1982-01-31,-0.032300,-0.012500,0.031900,0.008000
1982-02-28,-0.058600,0.004600,0.060900,0.009200
1982-03-31,-0.018200,-0.001900,0.037600,0.009800
1982-04-30,0.032400,0.016400,-0.030800,0.011300
1982-05-31,-0.039300,0.001700,0.017800,0.010600
1982-06-30,-0.030800,-0.004300,0.015600,0.009600
1982-07-31,-0.032000,0.009100,0.000700,0.010500
1982-08-31,0.112300,-0.042800,0.010900,0.007600
1982-09-30,0.013100,0.028700,0.002300,0.005100
1982-10-31,0.113000,0.023800,-0.036200,0.005900
1982-11-30,0.046800,0.046300,-0.018000,0.006300
1982-12-31,0.005600,-0.003100,-0.000600,0.006700
1983-01-31,0.035900,0.028200,-0.007200,0.006900
1983-02-28,0.025900,0.031800,0.006600,0.006200
1983-03-31,0.028100,0.017500,0.020600,0.006300
1983-04-30,0.066600,0.004600,0.004300,0.007100
1983-05-31,0.005100,0.062000,-0.014000,0.006900
1983-06-30,0.030700,0.009300,-0.038900,0.006700
1983-07-31,-0.040600,0.015000,0.055400,0.007400
1983-08-31,-0.005000,-0.042900,0.055900,0.007600
1983-09-30,0.009200,0.006100,0.009900,0.007600
1983-10-31,-0.034300,-0.035500,0.049600,0.007600
1983-11-30,0.021700,0.020200,-0.007300,0.007000
1983-12-31,-0.017700,-0.002500,0.017500,0.007300
1984-01-31,-0.019200,-0.003500,0.074800,0.007600
1984-02-29,-0.047700,-0.016800,0.034100,0.007100
1984-03-31,0.006500,0.001000,0.005300,0.007300
1984-04-30,-0.005100,-0.011600,0.011900,0.008100
1984-05-31,-0.059800,0.000700,0.002600,0.007800
1984-06-30,0.018100,-0.002400,-0.027500,0.007500
1984-07-31,-0.027200,-0.022000,0.003900,0.008200
1984-08-31,0.102700,-0.002700,-0.017400,0.008300
1984-09-30,-0.008000,0.001500,0.052500,0.008600
1984-10-31,-0.008400,-0.011100,0.005900,0.010000
1984-11-30,-0.017700,-0.007200,0.038700,0.007300
1984-12-31,0.018500,-0.004800,-0.000300,0.006400
1985-01-31,0.079700,0.032800,-0.052000,0.006500
1985-02-28,0.012200,0.006300,-0.003600,0.005800
1985-03-31,-0.008300,-0.010700,0.040100,0.006200
1985-04-30,-0.009600,0.000900,0.036000,0.007200
1985-05-31,0.050700,-0.023000,-0.009800,0.006600
1985-06-30,0.012700,0.004800,0.003800,0.005500
1985-07-31,-0.007200,0.028300,-0.016200,0.006200
1985-08-31,-0.010100,-0.003000,0.023400,0.005500
1985-09-30,-0.045100,-0.016200,0.012100,0.006000
1985-10-31,0.040000,-0.015000,0.007700,0.006500
1985-11-30,0.064600,0.001900,-0.029100,0.006100
1985-12-31,0.038800,-0.005300,-0.014600,0.006500
1986-01-31,0.006500,0.011500,0.004600,0.005600
1986-02-28,0.071400,-0.005700,-0.006300,0.005300
1986-03-31,0.049100,-0.005400,-0.003900,0.006000
1986-04-30,-0.012800,0.027600,-0.028100,0.005200
1986-05-31,0.046200,-0.013600,-0.001400,0.004900
1986-06-30,0.010600,-0.009300,0.012000,0.005200
1986-07-31,-0.064300,-0.034300,0.046600,0.005200
1986-08-31,0.060700,-0.041600,0.035400,0.004600
1986-09-30,-0.085900,0.024000,0.032300,0.004500
1986-10-31,0.046400,-0.025300,-0.014200,0.004600
1986-11-30,0.011700,-0.018700,-0.000200,0.003900
1986-12-31,-0.032600,0.001900,0.003600,0.004900
1987-01-31,0.124500,-0.018900,-0.031800,0.004200
1987-02-28,0.043800,0.034500,-0.058600,0.004300
1987-03-31,0.016300,0.005000,0.016600,0.004700
1987-04-30,-0.020900,-0.017200,-0.003600,0.004400
1987-05-31,0.001100,-0.005300,0.002200,0.003800
1987-06-30,0.039100,-0.020300,0.011300,0.004800
1987-07-31,0.038400,-0.005700,0.009400,0.004600
1987-08-31,0.035200,-0.008500,-0.009800,0.004700
1987-09-30,-0.025800,0.005800,0.002600,0.004500
1987-10-31,-0.231900,-0.082700,0.041800,0.006000
1987-11-30,-0.077600,0.026800,0.031400,0.003500
1987-12-31,0.068200,0.000300,-0.044200,0.003900
1988-01-31,0.042100,-0.007500,0.049300,0.002900
1988-02-29,0.047700,0.033300,-0.015300,0.004600
1988-03-31,-0.022600,0.060100,0.008600,0.004400
1988-04-30,0.005700,0.009100,0.015100,0.004600
1988-05-31,-0.002700,-0.025400,0.024400,0.005100
1988-06-30,0.047800,0.020200,-0.013500,0.004900
1988-07-31,-0.012500,-0.002300,0.021800,0.005100
1988-08-31,-0.033100,0.000700,0.021400,0.005900
1988-09-30,0.033100,-0.013400,-0.007500,0.006200
1988-10-31,0.011600,-0.029200,0.020300,0.006100
1988-11-30,-0.022700,-0.016400,0.014700,0.005700
1988-12-31,0.014800,0.018900,-0.018300,0.006300
1989-01-31,0.060700,-0.021900,0.006100,0.005500
1989-02-28,-0.022300,0.028100,0.009900,0.006100
1989-03-31,0.015700,0.006700,0.004700,0.006700
1989-04-30,0.043500,-0.006700,-0.014800,0.006700
1989-05-31,0.032800,-0.000900,-0.009000,0.007900
1989-06-30,-0.013300,-0.009700,0.022100,0.007100
1989-07-31,0.071800,-0.041100,-0.028000,0.007000
1989-08-31,0.014300,0.005700,0.006200,0.007400
1989-09-30,-0.007600,0.003000,-0.012700,0.006500
1989-10-31,-0.036500,-0.032400,-0.011600,0.006800
1989-11-30,0.010400,-0.011900,-0.011300,0.006900
1989-12-31,0.011800,-0.023700,0.001500,0.006100
1990-01-31,-0.078000,-0.011400,0.008300,0.005700
1990-02-28,0.011200,0.009700,0.006500,0.005700
1990-03-31,0.018300,0.014700,-0.029000,0.006400
1990-04-30,-0.033600,-0.004700,-0.025700,0.006900
1990-05-31,0.084300,-0.025600,-0.038900,0.006800
1990-06-30,-0.010900,0.013500,-0.020000,0.006300
1990-07-31,-0.019000,-0.030800,-0.000600,0.006800
1990-08-31,-0.101200,-0.035000,0.015600,0.006600
1990-09-30,-0.061100,-0.036400,0.005900,0.006000
1990-10-31,-0.019200,-0.055200,0.000800,0.006800
1990-11-30,0.063500,0.004200,-0.029700,0.005700
1990-12-31,0.024600,0.007900,-0.015700,0.006000
1991-01-31,0.046900,0.037800,-0.014800,0.005200
1991-02-28,0.071900,0.040100,-0.006200,0.004800
1991-03-31,0.026600,0.038800,-0.013000,0.004400
1991-04-30,-0.002800,0.005000,0.014900,0.005300
1991-05-31,0.036600,-0.003900,-0.005200,0.004700
1991-06-30,-0.049400,0.001800,0.010800,0.004200
1991-07-31,0.042400,-0.009700,-0.013000,0.004900
1991-08-31,0.023200,0.015800,-0.007900,0.004600
1991-09-30,-0.015900,0.016800,-0.012300,0.004600
1991-10-31,0.012900,0.007700,-0.004300,0.004200
1991-11-30,-0.042000,-0.005100,-0.017700,0.003900
1991-12-31,0.108500,-0.022600,-0.042300,0.003800
1992-01-31,-0.005900,0.084800,0.046700,0.003400
1992-02-29,0.010800,0.008300,0.065100,0.002800
1992-03-31,-0.026500,-0.009700,0.034900,0.003400
1992-04-30,0.010900,-0.061200,0.043600,0.003200
1992-05-31,0.003000,0.004100,0.011100,0.002800
1992-06-30,-0.023300,-0.031000,0.032400,0.003200
1992-07-31,0.037800,-0.004500,-0.005100,0.003100
1992-08-31,-0.023800,-0.001000,-0.010900,0.002600
1992-09-30,0.011900,0.005500,-0.001900,0.002600
1992-10-31,0.010200,0.021100,-0.019800,0.002300
1992-11-30,0.041400,0.036800,-0.015200,0.002300
1992-12-31,0.015300,0.016500,0.026400,0.002800
1993-01-31,0.009300,0.018900,0.059000,0.002300
1993-02-28,0.001200,-0.033900,0.064800,0.002200
1993-03-31,0.023200,0.002900,0.012600,0.002500
1993-04-30,-0.030500,-0.006200,0.025500,0.002400
1993-05-31,0.028900,0.020600,-0.034600,0.002200
1993-06-30,0.003000,-0.003000,0.026400,0.002500
1993-07-31,-0.003400,0.009600,0.028700,0.002400
1993-08-31,0.037200,0.001100,0.001800,0.002500
1993-09-30,-0.001200,0.030900,-0.002400,0.002600
1993-10-31,0.014200,0.019900,-0.027800,0.002200
1993-11-30,-0.018700,-0.012700,-0.007800,0.002500
1993-12-31,0.016500,0.011900,0.002500,0.002300
1994-01-31,0.028700,0.003300,0.011000,0.002500
1994-02-28,-0.025500,0.027600,-0.015200,0.002100
1994-03-31,-0.047900,-0.010800,0.016700,0.002700
1994-04-30,0.006800,-0.009300,0.016600,0.002700
1994-05-31,0.005800,-0.020900,0.006000,0.003200
1994-06-30,-0.030400,-0.004300,0.017700,0.003100
1994-07-31,0.028200,-0.018100,0.006100,0.002800
1994-08-31,0.040200,0.015000,-0.025500,0.003700
1994-09-30,-0.022800,0.030400,-0.018100,0.003700
1994-10-31,0.013500,-0.021600,-0.016600,0.003800
1994-11-30,-0.040300,0.002800,-0.007300,0.003700
1994-12-31,0.008600,0.001700,-0.000900,0.004400
1995-01-31,0.018000,-0.035100,0.025900,0.004200
1995-02-28,0.036300,-0.006100,0.009900,0.004000
1995-03-31,0.021900,-0.002000,-0.021300,0.004600
1995-04-30,0.021100,-0.005100,0.016700,0.004400
1995-05-31,0.029000,-0.025300,0.022800,0.005400
1995-06-30,0.027200,0.031700,-0.025400,0.004700
1995-07-31,0.037100,0.020900,-0.015800,0.004500
1995-08-31,0.005500,0.013100,0.026800,0.004700
1995-09-30,0.033600,-0.021600,-0.001100,0.004300
1995-10-31,-0.015100,-0.038000,-0.004900,0.004700
1995-11-30,0.039600,-0.011200,0.005200,0.004200
1995-12-31,0.010400,0.006600,0.002400,0.004900
1996-01-31,0.022600,-0.028300,0.004600,0.004300
1996-02-29,0.013300,0.017900,-0.010500,0.003900
1996-03-31,0.007400,0.014300,0.004200,0.003900
1996-04-30,0.020600,0.052000,-0.039700,0.004600
1996-05-31,0.023600,0.032000,-0.009000,0.004200
1996-06-30,-0.011300,-0.040000,0.023300,0.004000
1996-07-31,-0.059600,-0.043000,0.051900,0.004500
1996-08-31,0.027700,0.024500,-0.008200,0.004100
1996-09-30,0.050100,-0.010200,-0.027400,0.004400
1996-10-31,0.008700,-0.043900,0.048800,0.004200
1996-11-30,0.062500,-0.040400,0.014000,0.004100
1996-12-31,-0.017000,0.031200,0.012800,0.004600
1997-01-31,0.049600,-0.019300,-0.014400,0.004500
1997-02-28,-0.004800,-0.031600,0.056100,0.003900
1997-03-31,-0.050200,-0.003300,0.033900,0.004300
1997-04-30,0.040400,-0.057400,0.000000,0.004300
1997-05-31,0.067300,0.051200,-0.041100,0.004900
1997-06-30,0.041000,0.012100,0.014400,0.003700
1997-07-31,0.073100,-0.027300,0.001300,0.004300
1997-08-31,-0.041000,0.071500,0.011300,0.004100
1997-09-30,0.053400,0.025400,0.002400,0.004400
1997-10-31,-0.038000,-0.007100,0.023300,0.004200
1997-11-30,0.029900,-0.051100,0.012200,0.003900
1997-12-31,0.013300,-0.024800,0.037400,0.004800
1998-01-31,0.001500,-0.010100,-0.016800,0.004300
1998-02-28,0.070300,0.001300,-0.009300,0.003900
1998-03-31,0.047600,-0.011900,0.013800,0.003900
1998-04-30,0.007400,0.000600,0.010300,0.004300
1998-05-31,-0.030700,-0.034000,0.034100,0.004000
1998-06-30,0.031900,-0.031700,-0.020300,0.004100
1998-07-31,-0.024200,-0.048300,-0.018300,0.004000
1998-08-31,-0.160500,-0.054700,0.035700,0.004300
1998-09-30,0.061900,-0.000200,-0.035100,0.004600
1998-10-31,0.069800,-0.029800,-0.023300,0.003200
1998-11-30,0.060700,0.012600,-0.032400,0.003100
1998-12-31,0.061500,-0.004600,-0.042500,0.003800
1999-01-31,0.034800,0.006700,-0.044600,0.003500
1999-02-28,-0.040800,-0.060200,0.019500,0.003500
1999-03-31,0.034800,-0.038400,-0.026100,0.004300
1999-04-30,0.043400,0.038900,0.024000,0.003700
1999-05-31,-0.024600,0.033200,0.024900,0.003400
1999-06-30,0.047700,0.032300,-0.032200,0.004000
1999-07-31,-0.034900,0.024800,-0.001800,0.003800
1999-08-31,-0.013700,-0.009500,-0.019300,0.003900
1999-09-30,-0.027700,0.031200,-0.029000,0.003900
1999-10-31,0.060900,-0.069400,-0.028800,0.003900
1999-11-30,0.034100,0.068700,-0.056500,0.003600
1999-12-31,0.076600,0.065600,-0.076600,0.004400
2000-01-31,-0.047400,0.051600,-0.011200,0.004100
2000-02-29,0.024600,0.212500,-0.097700,0.004300
2000-03-31,0.052100,-0.174100,0.085000,0.004700
2000-04-30,-0.063900,-0.060000,0.064500,0.004600
2000-05-31,-0.043900,-0.060800,0.045900,0.005000
2000-06-30,0.046800,0.127100,-0.080400,0.004000
2000-07-31,-0.024800,-0.028400,0.080600,0.004800
2000-08-31,0.070300,-0.005000,-0.013700,0.005000
2000-09-30,-0.054400,-0.017400,0.072400,0.005100
2000-10-31,-0.027800,-0.038500,0.055800,0.005600
2000-11-30,-0.107000,-0.030800,0.122400,0.005100
2000-12-31,0.011800,0.008200,0.075500,0.005000
2001-01-31,0.032500,0.064100,-0.050500,0.005400
2001-02-28,-0.100300,-0.006500,0.122300,0.003800
2001-03-31,-0.072500,0.002600,0.064700,0.004200
2001-04-30,0.079300,0.005000,-0.046400,0.003900
2001-05-31,0.006800,0.024800,0.033800,0.003200
2001-06-30,-0.019400,0.063500,-0.012600,0.002800
2001-07-31,-0.021300,-0.040500,0.049500,0.003000
2001-08-31,-0.064000,0.021900,0.028600,0.003100
2001-09-30,-0.092400,-0.062300,0.015200,0.002800
2001-10-31,0.024800,0.074900,-0.073100,0.002200
2001-11-30,0.075300,-0.005700,0.021700,0.001700
2001-12-31,0.016100,0.047200,0.008300,0.001500
2002-01-31,-0.014400,0.011700,0.034200,0.001400
2002-02-28,-0.023000,-0.010800,0.023400,0.001300
2002-03-31,0.042400,0.040900,0.010800,0.001300
2002-04-30,-0.052100,0.058200,0.040100,0.001500
2002-05-31,-0.013600,-0.032700,0.015200,0.001400
2002-06-30,-0.072300,0.040800,0.003700,0.001300
2002-07-31,-0.081900,-0.052500,-0.035100,0.001500
2002-08-31,0.005000,-0.028000,0.030100,0.001400
2002-09-30,-0.103400,0.024200,0.012600,0.001400
2002-10-31,0.078400,-0.034000,-0.037600,0.001400
2002-11-30,0.059600,0.032600,-0.011600,0.001200
2002-12-31,-0.057600,-0.000400,0.021100,0.001100
2003-01-31,-0.025700,0.013400,-0.007900,0.001000
2003-02-28,-0.018800,-0.004400,-0.013600,0.000900
2003-03-31,0.010900,0.011700,-0.021100,0.001000
2003-04-30,0.081800,0.007600,0.012200,0.001000
2003-05-31,0.060500,0.046100,0.007000,0.000900
2003-06-30,0.014200,0.017000,0.001400,0.001000
2003-07-31,0.023300,0.049300,-0.015300,0.000700
2003-08-31,0.023300,0.024400,0.016400,0.000700
2003-09-30,-0.012400,0.008500,0.001400,0.000800
2003-10-31,0.060800,0.025900,0.022100,0.000700
2003-11-30,0.013500,0.020600,0.017200,0.000700
2003-12-31,0.042900,-0.026800,0.015100,0.000800
2004-01-31,0.021500,0.025400,0.024200,0.000700
2004-02-29,0.014000,-0.015700,0.009500,0.000600
2004-03-31,-0.013200,0.017300,0.002300,0.000900
2004-04-30,-0.018100,-0.017300,-0.032300,0.000800
2004-05-31,0.011800,-0.002300,-0.001800,0.000600
2004-06-30,0.018500,0.022500,0.012100,0.000800
2004-07-31,-0.040400,-0.037600,0.032200,0.001000
2004-08-31,0.000700,-0.015200,0.010800,0.001100
2004-09-30,0.016000,0.030100,-0.000500,0.001100
2004-10-31,0.014200,0.001300,-0.002600,0.001100
2004-11-30,0.045300,0.037400,0.015700,0.001500
2004-12-31,0.034200,-0.000300,-0.002300,0.001600
2005-01-31,-0.027500,-0.016600,0.020600,0.001600
2005-02-28,0.018800,-0.005700,0.014100,0.001600
2005-03-31,-0.019400,-0.014100,0.020700,0.002100
2005-04-30,-0.026100,-0.039300,0.000500,0.002100
2005-05-31,0.036500,0.028600,-0.005800,0.002400
2005-06-30,0.005800,0.025600,0.028000,0.002300
2005-07-31,0.039200,0.028700,-0.007800,0.002400
2005-08-31,-0.012000,-0.010700,0.013400,0.003000
2005-09-30,0.004800,-0.006200,0.007800,0.002900
2005-10-31,-0.020400,-0.013000,0.004300,0.002700
2005-11-30,0.036100,0.010500,-0.011800,0.003100
2005-12-31,-0.002400,-0.004400,0.001500,0.003200
2006-01-31,0.030300,0.054600,0.009900,0.003500
2006-02-28,-0.003000,-0.004100,-0.003100,0.003400
2006-03-31,0.014700,0.033900,0.006100,0.003700
2006-04-30,0.007300,-0.013800,0.022600,0.003600
2006-05-31,-0.035600,-0.030100,0.023800,0.004300
2006-06-30,-0.003500,-0.003500,0.008500,0.004000
2006-07-31,-0.007700,-0.039500,0.026200,0.004000
2006-08-31,0.020300,0.009900,-0.019500,0.004200
2006-09-30,0.018400,-0.013000,0.000600,0.004100
2006-10-31,0.032200,0.017700,-0.003300,0.004100
2006-11-30,0.017000,0.006300,0.000400,0.004200
2006-12-31,0.008500,-0.011600,0.027400,0.004000
2007-01-31,0.013800,0.000900,-0.006800,0.004400
2007-02-28,-0.019600,0.012300,-0.000800,0.003800
2007-03-31,0.007100,0.000900,-0.008800,0.004300
2007-04-30,0.034900,-0.022100,-0.014400,0.004400
2007-05-31,0.032300,0.001600,-0.005900,0.004100
2007-06-30,-0.019600,0.007300,-0.010500,0.004000
2007-07-31,-0.037200,-0.026600,-0.036800,0.004000
2007-08-31,0.009400,-0.001100,-0.018700,0.004200
2007-09-30,0.032200,-0.022500,-0.021700,0.003200
2007-10-31,0.017900,0.001900,-0.028700,0.003200
2007-11-30,-0.048000,-0.028100,-0.010900,0.003400
2007-12-31,-0.008700,0.001100,-0.005100,0.002700
2008-01-31,-0.063300,-0.010200,0.040000,0.002100
2008-02-29,-0.030900,-0.004800,-0.007200,0.001300
2008-03-31,-0.009400,0.007100,0.003100,0.001700
2008-04-30,0.046100,-0.016900,-0.009600,0.001800
2008-05-31,0.018700,0.029700,-0.015000,0.001800
2008-06-30,-0.084300,0.011500,-0.025100,0.001700
2008-07-31,-0.007500,0.026000,0.052000,0.001500
2008-08-31,0.015300,0.034000,0.015200,0.001300
2008-09-30,-0.093500,-0.010700,0.056600,0.001500
2008-10-31,-0.172000,-0.023100,-0.018900,0.000800
2008-11-30,-0.077400,-0.030100,-0.062100,0.000300
2008-12-31,0.017700,0.035200,0.000500,0.000000
2009-01-31,-0.080900,0.000400,-0.110200,0.000000
2009-02-28,-0.101400,0.001400,-0.066000,0.000100
2009-03-31,0.090100,-0.001000,0.034800,0.000200
2009-04-30,0.101700,0.054000,0.053800,0.000100
2009-05-31,0.052100,-0.024100,0.004100,0.000000
2009-06-30,0.004200,0.025800,-0.027600,0.000100
2009-07-31,0.077400,0.017500,0.048900,0.000100
2009-08-31,0.033300,-0.011200,0.076000,0.000100
2009-09-30,0.040800,0.024300,0.011500,0.000100
2009-10-31,-0.025300,-0.042600,-0.041700,0.000000
2009-11-30,0.056300,-0.025000,-0.003300,0.000000
2009-12-31,0.028000,0.060100,-0.001100,0.000100
2010-01-31,-0.033500,0.004300,0.003300,0.000000
2010-02-28,0.033900,0.011800,0.031800,0.000000
2010-03-31,0.063000,0.014600,0.021900,0.000100
2010-04-30,0.019900,0.048400,0.029600,0.000100
2010-05-31,-0.079000,0.001300,-0.024800,0.000100
2010-06-30,-0.055600,-0.017900,-0.047300,0.000100
2010-07-31,0.069200,0.002200,-0.005000,0.000100
2010-08-31,-0.047800,-0.030100,-0.017300,0.000100
2010-09-30,0.095500,0.038200,-0.030200,0.000100
2010-10-31,0.038700,0.010800,-0.024600,0.000100
2010-11-30,0.005900,0.036700,-0.009000,0.000100
2010-12-31,0.068200,0.007200,0.035600,0.000100
2011-01-31,0.019800,-0.022900,0.006100,0.000100
2011-02-28,0.034800,0.015000,0.011800,0.000100
2011-03-31,0.004500,0.024900,-0.018400,0.000100
2011-04-30,0.029000,-0.004200,-0.024400,0.000000
2011-05-31,-0.012700,-0.007300,-0.018500,0.000000
2011-06-30,-0.017400,-0.002700,-0.002000,0.000000
2011-07-31,-0.023500,-0.011700,-0.009100,0.000000
2011-08-31,-0.059600,-0.029600,-0.024300,0.000100
2011-09-30,-0.075800,-0.031200,-0.015300,0.000000
2011-10-31,0.113300,0.030500,0.000600,0.000000
2011-11-30,-0.002700,-0.001800,-0.005200,0.000000
2011-12-31,0.007500,-0.005600,0.015400,0.000000
2012-01-31,0.050500,0.020100,-0.009300,0.000000
2012-02-29,0.044200,-0.018400,0.004200,0.000000
2012-03-31,0.031200,-0.006300,0.011900,0.000000
2012-04-30,-0.008500,-0.003700,-0.007700,0.000000
2012-05-31,-0.061700,0.001200,-0.009500,0.000100
2012-06-30,0.038900,0.007200,0.005500,0.000000
2012-07-31,0.007900,-0.027600,-0.000600,0.000000
2012-08-31,0.025400,0.005000,0.012300,0.000100
2012-09-30,0.027300,0.004500,0.016200,0.000100
2012-10-31,-0.017600,-0.010900,0.035200,0.000100
2012-11-30,0.007800,0.006000,-0.008600,0.000100
2012-12-31,0.011800,0.015000,0.034800,0.000100
2013-01-31,0.055700,0.002900,0.010100,0.000000
2013-02-28,0.012800,-0.003000,0.002100,0.000000
2013-03-31,0.040400,0.008300,-0.002200,0.000000
2013-04-30,0.015600,-0.023700,0.004400,0.000000
2013-05-31,0.028000,0.017000,0.026700,0.000000
2013-06-30,-0.012000,0.013100,-0.000500,0.000000
2013-07-31,0.056500,0.018100,0.005800,0.000000
2013-08-31,-0.027100,0.003200,-0.027300,0.000000
2013-09-30,0.037700,0.028900,-0.011800,0.000000
2013-10-31,0.041700,-0.015600,0.012200,0.000000
2013-11-30,0.031100,0.013100,0.001900,0.000000
2013-12-31,0.028100,-0.004400,0.000000,0.000000
2014-01-31,-0.033200,0.009300,-0.019900,0.000000
2014-02-28,0.046600,0.003600,-0.003500,0.000000
2014-03-31,0.004300,-0.018600,0.049000,0.000000
2014-04-30,-0.001800,-0.041800,0.012200,0.000000
2014-05-31,0.020500,-0.018500,-0.001000,0.000000
2014-06-30,0.026000,0.030500,-0.007100,0.000000
2014-07-31,-0.020300,-0.041800,-0.000800,0.000000
2014-08-31,0.042400,0.004100,-0.005700,0.000000
2014-09-30,-0.019600,-0.035900,-0.014700,0.000000
2014-10-31,0.025100,0.040500,-0.016300,0.000000
2014-11-30,0.025600,-0.020500,-0.031300,0.000000
2014-12-31,-0.000500,0.025300,0.021200,0.000000
2015-01-31,-0.031000,-0.005900,-0.034500,0.000000
2015-02-28,0.061300,0.006100,-0.017900,0.000000
2015-03-31,-0.011100,0.030500,-0.003800,0.000000
2015-04-30,0.005900,-0.029900,0.018000,0.000000
2015-05-31,0.013700,0.009500,-0.011100,0.000000
2015-06-30,-0.015200,0.029400,-0.008200,0.000000
2015-07-31,0.015700,-0.041700,-0.041600,0.000000
2015-08-31,-0.060200,0.003700,0.027500,0.000000
2015-09-30,-0.030600,-0.026300,0.005500,0.000000
2015-10-31,0.077500,-0.019000,-0.004700,0.000000
2015-11-30,0.005700,0.035800,-0.004300,0.000000
2015-12-31,-0.021500,-0.028000,-0.025700,0.000100
2016-01-31,-0.057400,-0.034000,0.020800,0.000100
2016-02-29,-0.000600,0.007300,-0.006100,0.000200
2016-03-31,0.069500,0.007500,0.012200,0.000200
2016-04-30,0.009200,0.007700,0.032200,0.000100
2016-05-31,0.017800,-0.001800,-0.016200,0.000100
2016-06-30,-0.000300,0.006000,-0.014900,0.000200
2016-07-31,0.039400,0.024500,-0.012400,0.000200
2016-08-31,0.004900,0.011700,0.031700,0.000200
2016-09-30,0.002700,0.020800,-0.011900,0.000200
2016-10-31,-0.020100,-0.043900,0.041100,0.000200
2016-11-30,0.048600,0.056000,0.082900,0.000100
2016-12-31,0.018100,0.001400,0.034700,0.000300
2017-01-31,0.019400,-0.011600,-0.027600,0.000400
2017-02-28,0.035500,-0.021500,-0.015000,0.000400
2017-03-31,0.001700,0.011300,-0.033300,0.000300
2017-04-30,0.010800,0.006600,-0.020500,0.000500
2017-05-31,0.010700,-0.025200,-0.038200,0.000600
2017-06-30,0.007900,0.022100,0.015000,0.000600
2017-07-31,0.018800,-0.014500,-0.002300,0.000700
2017-08-31,0.001800,-0.016700,-0.021300,0.000900
2017-09-30,0.024900,0.044500,0.031500,0.000900
2017-10-31,0.022600,-0.019300,0.001300,0.000900
2017-11-30,0.031200,-0.006000,-0.000900,0.000800
2017-12-31,0.010600,-0.013200,0.000500,0.000900
2018-01-31,0.055800,-0.031600,-0.013200,0.001100
2018-02-28,-0.036400,0.002700,-0.011000,0.001100
2018-03-31,-0.023500,0.040500,-0.002100,0.001200
2018-04-30,0.002700,0.010900,0.005300,0.001400
2018-05-31,0.026600,0.052400,-0.031400,0.001400
2018-06-30,0.004900,0.011100,-0.023300,0.001400
2018-07-31,0.032000,-0.022300,0.004900,0.001600
2018-08-31,0.034500,0.011400,-0.039100,0.001600
2018-09-30,0.000600,-0.022900,-0.016200,0.001500
2018-10-31,-0.076500,-0.047000,0.033800,0.001900
2018-11-30,0.017100,-0.007300,0.003600,0.001800
2018-12-31,-0.095500,-0.023100,-0.019200,0.001900
2019-01-31,0.083700,0.027600,-0.003900,0.002100
2019-02-28,0.034200,0.020500,-0.026600,0.001800
2019-03-31,0.011000,-0.030300,-0.041400,0.001900
2019-04-30,0.039700,-0.017400,0.021300,0.002100
2019-05-31,-0.069200,-0.012600,-0.024500,0.002100
2019-06-30,0.069200,0.002600,-0.006400,0.001800
2019-07-31,0.012300,-0.019600,0.005000,0.001900
2019-08-31,-0.025500,-0.023900,-0.047700,0.001600
2019-09-30,0.014100,-0.009700,0.067600,0.001800
2019-10-31,0.020700,0.002700,-0.019200,0.001500
2019-11-30,0.038700,0.007200,-0.020000,0.001200
2019-12-31,0.027700,0.007600,0.017300,0.001400
2020-01-31,-0.001100,-0.031000,-0.062200,0.001300
2020-02-29,-0.081500,0.010800,-0.038200,0.001200
2020-03-31,-0.133700,-0.046900,-0.138300,0.001200
2020-04-30,0.136000,0.025000,-0.013400,0.000000
2020-05-31,0.055700,0.024000,-0.050000,0.000100
2020-06-30,0.024500,0.026700,-0.021700,0.000100
2020-07-31,0.058300,-0.023500,-0.014400,0.000100
2020-08-31,0.076200,-0.002000,-0.030200,0.000100
2020-09-30,-0.036400,0.000600,-0.027200,0.000100
2020-10-31,-0.020800,0.043400,0.042500,0.000100
2020-11-30,0.124500,0.058100,0.020900,0.000100
2020-12-31,0.046300,0.050100,-0.016800,0.000100
2021-01-31,-0.000700,0.071400,0.032200,0.000000
2021-02-28,0.028100,0.020200,0.072000,0.000000
2021-03-31,0.031600,-0.023300,0.073500,0.000000
2021-04-30,0.049500,-0.031900,-0.010200,0.000000
2021-05-31,0.003000,-0.002000,0.070400,0.000000
2021-06-30,0.027400,0.017000,-0.078600,0.000000
2021-07-31,0.013400,-0.039300,-0.017900,0.000000
2021-08-31,0.029400,-0.003200,-0.002300,0.000000
2021-09-30,-0.044000,0.006600,0.051200,0.000000
2021-10-31,0.066300,-0.022700,-0.005300,0.000000
2021-11-30,-0.015800,-0.013100,-0.003700,0.000000
2021-12-31,0.032300,-0.016300,0.032600,0.000100
2022-01-31,-0.061600,-0.059300,0.128600,0.000000
2022-02-28,-0.022800,0.021600,0.030600,0.000000
2022-03-31,0.030800,-0.015500,-0.019000,0.000000
2022-04-30,-0.094100,-0.013500,0.061800,0.000000
2022-05-31,-0.003400,-0.018400,0.084400,0.000300
2022-06-30,-0.084000,0.020700,-0.060000,0.000600
2022-07-31,0.095700,0.028400,-0.041500,0.000800
2022-08-31,-0.037700,0.014100,0.001800,0.001900
2022-09-30,-0.093400,-0.007600,0.000300,0.001900
2022-10-31,0.078500,0.000100,0.079700,0.002300
2022-11-30,0.046500,-0.035700,0.014800,0.002900
2022-12-31,-0.063800,-0.007600,0.013400,0.003300
2023-01-31,0.066100,0.050100,-0.039400,0.003500
2023-02-28,-0.025700,0.010500,-0.008000,0.003400
2023-03-31,0.024800,-0.054800,-0.090500,0.003600
2023-04-30,0.006200,-0.033700,-0.001200,0.003500
2023-05-31,0.003400,0.016000,-0.077900,0.003600
2023-06-30,0.064600,0.014900,-0.001300,0.004000
2023-07-31,0.032100,0.020500,0.040600,0.004500
2023-08-31,-0.023600,-0.031400,-0.011500,0.004500
2023-09-30,-0.052300,-0.025100,0.014900,0.004300
2023-10-31,-0.031500,-0.038600,0.002000,0.004700
2023-11-30,0.088800,-0.001000,0.016700,0.004400
2023-12-31,0.048500,0.063000,0.048900,0.004300
2024-01-31,0.007300,-0.050700,-0.023800,0.004700
2024-02-29,0.050700,-0.002400,-0.034300,0.004200
2024-03-31,0.028400,-0.025000,0.041600,0.004300
2024-04-30,-0.046500,-0.023700,-0.004500,0.004700
2024-05-31,0.043300,0.005500,-0.013100,0.004400
2024-06-30,0.028000,-0.030000,-0.033600,0.004100
2024-07-31,0.012200,0.068100,0.056200,0.004500
2024-08-31,0.016000,-0.034900,-0.011000,0.004800
2024-09-30,0.017200,-0.001300,-0.027700,0.004000
2024-10-31,-0.010000,-0.009900,0.008600,0.003900
2024-11-30,0.064900,0.044600,0.001500,0.004000
2024-12-31,-0.031700,-0.027100,-0.030000,0.003700
2025-01-31,0.028000,-0.019700,0.016300,0.003700
2025-02-28,-0.024400,-0.057900,0.049100,0.003300
2025-03-31,-0.063900,-0.027600,0.029000,0.003400
2025-04-30,-0.008400,-0.005900,-0.034000,0.003500
2025-05-31,0.060600,0.007000,-0.028800,0.003800
2025-06-30,0.048600,0.008300,-0.016000,0.003400
2025-07-31,0.019800,0.002700,-0.012700,0.003400
2025-08-31,0.018500,0.038700,0.044100,0.003800
